GPU,Hashrate (kh/s),Power (Watt),OC Core Clock (MHz),OC Core Offset (MHz),Mem Clock (MHz),Mem Clock Offset (MHz)
AMD RX 470,,,,,,
AMD RX 480,,,,,,
AMD RX 570,,,,,,
AMD RX 580,,,,,,
AMD RX 590,,,,,,
NVIDIA GTX 1060,,,,,,
NVIDIA GTX 1070,,,,,,
NVIDIA GTX 1080,,,,,,
NVIDIA GTX 1660,,,,,,
NVIDIA RTX 2060,,,,,,
NVIDIA RTX 2070,,,,,,
NVIDIA RTX 2080,,,,,,
NVIDIA RTX 3050,,,,,,
NVIDIA RTX 3060,,,,,,
NVIDIA RTX 3070,,,,,,
NVIDIA RTX 3080,,,,,,
NVIDIA RTX 3090,,,,,,
NVIDIA RTX 4060,,,,,,
NVIDIA RTX 4070,,,,,,
NVIDIA RTX 4080,,,,,,
NVIDIA RTX 4090,,,,,,
AMD RX 5700,,,,,,
AMD RX 6400,,,,,,
AMD RX 6600,,,,,,
AMD RX 6800,,,,,,
AMD RX 7600,,,,,,
NVIDIA RTX 2060 12GB,,,,,,
NVIDIA RTX 3080 12GB,,,,,,
AMD VII,,,,,,
AMD VEGA 64,,,,,,
AMD VEGA 56,,,,,,
AMD RX 7900 XTX,,,,,,
AMD RX 7900 XT,,,,,,
AMD RX 7900 GRE,,,,,,
AMD RX 7800 XT,,,,,,
AMD RX 7700 XT,,,,,,
AMD RX 6950 XT,,,,,,
AMD RX 6900 XT,,,,,,
AMD RX 6800 XT,,,,,,
AMD RX 6750 XT,,,,,,
AMD RX 6700 XT,,,,,,
AMD RX 6650 XT,,,,,,
AMD RX 6600 XT,,,,,,
AMD RX 6500 XT,,,,,,
AMD RX 5700 XT,,,,,,
AMD RX 5600 XT,,,,,,
AMD RX 5500 XT,,,,,,
NVIDIA RTX A5000,,,,,,
NVIDIA RTX A4500,,,,,,
NVIDIA RTX A4000,,,,,,
NVIDIA RTX A2000,,,,,,
NVIDIA RTX 4080 Super,,,,,,
NVIDIA RTX 4070 Ti Super,,,,,,
NVIDIA RTX 4070 Ti,,,,,,
NVIDIA RTX 4070 Super,,,,,,
NVIDIA RTX 4060 Ti,,,,,,
NVIDIA RTX 3090 Ti,,,,,,
NVIDIA RTX 3080 Ti,,,,,,
NVIDIA RTX 3070 Ti Laptop,,,,,,
NVIDIA RTX 3070 Ti,,,,,,
NVIDIA RTX 3070 Laptop,,,,,,
NVIDIA RTX 3060 Ti GDDR6X,,,,,,
NVIDIA RTX 3060 Ti,,,,,,
NVIDIA RTX 3060 Laptop,,,,,,
NVIDIA RTX 2080 Ti,,,,,,
NVIDIA RTX 2080 Super,,,,,,
NVIDIA RTX 2070 Super,,,,,,
NVIDIA RTX 2060 Super,,,,,,
NVIDIA P106-100,,,,,,
NVIDIA P104-100,,,,,,
NVIDIA P102-100,,,,,,
NVIDIA GTX 1660 Ti,,,,,,
NVIDIA GTX 1660 Super,,,,,,
NVIDIA GTX 1080 Ti,,,,,,
NVIDIA GTX 1070 Ti,,,,,,
NVIDIA GTX 1050 Ti,,,,,,
NVIDIA CMP 90HX,,,,,,
NVIDIA CMP 70HX,,,,,,
NVIDIA CMP 50HX,,,,,,
NVIDIA CMP 40HX,,,,,,
NVIDIA CMP 30HX,,,,,,
NVIDIA CMP 170HX,,,,,,
AMD BC-250,,,,,,
AMD BC-160,,,,,,
Intel Arc A770,,,,,,
Intel Arc A750,,,,,,
Intel Arc A380,,,,,,
